{"version":3,"update_interval_hours":24,"settings":{"tierbase_search_timeout":15000,"mainbase_search_timeout":10000,"tierbase_api_timeout":35000,"mainbase_api_timeout":30000,"proxy_search_timeout":10000},"mainbase":["https://ydjx.troops-forget.org","https://zrny.hostel-worship.org","https://govz.boards-indirect.org","https://qlbm.troops-forget.org","https://ffed.short-serum.net","https://hgus.wilson-kills.net","https://nblx.layout-tokyo.net","https://yazx.layout-tokyo.net","https://hkkp.boards-indirect.org","https://ygbd.nickname-vocals.net","https://ozgu.hostel-worship.org","https://zonu.nickname-vocals.net","https://1.thirdbackupdomain.com"],"tierbase":["https://iejg.hostel-worship.org","https://srpx.boards-indirect.org","https://hrof.nickname-vocals.net","https://awdb.nickname-vocals.net","https://myyw.hostel-worship.org","https://vezk.wanna-wheat.net","https://vsxm.jamaica-doctor.net","https://frwy.hostel-worship.org","https://ctjv.troops-forget.org","https://ixex.wanna-wheat.net","https://irch.nickname-vocals.net","https://mrmh.short-serum.net","https://yukh.nickname-vocals.net","https://bxps.scanning-native.org:8979/s","https://azbe.boutique-labels.net:5928/s","https://yibz.twenty-answers.org:8914/s","https://qxca.judge-noise.org:2296/s","https://jguy.sessions-graph.org:1794/s","https://tjvz.while-queue.net:1753/s","https://cwzl.monte-clock.net:6623/s","https://trjt.oregon-asset.net:5678/s","https://grag.sound-ranges.net:8816/s","https://uaem.solar-fifth.org:9245/s","https://udat.while-queue.net:7709/s","https://nhic.sodium-speech.net:4337/s","https://iidd.cd-n.net:7460/s","https://nicz.kitty-deserve.org:7997/s","https://vxfd.judge-noise.org:3574/s","https://istb.number-voted.org:3771/s","https://znab.monte-clock.net:6331/s","https://esvp.terry-specials.net:7716/s","https://afui.fiction-nasty.org:10574/s","https://yaqw.effects-vital.net:9403/s","https://nzcj.progress-drive.org:4064/s","https://zgne.sound-ranges.net:4768/s","https://cryr.sodium-speech.net:2135/s","https://kcdh.blame-versus.org:1805/s","https://ueme.kitty-deserve.org:5581/s","https://dfle.fourqt.com:5379/s","https://cbdi.regions-items.net:7557/s","https://thwa.number-voted.org:7413/s","https://umng.judge-noise.org:3583/s","https://vdtu.effects-vital.net:9893/s","https://vooe.terry-specials.net:2653/s","https://bpek.wiley-simply.org:8374/s","https://ufjh.annual-friday.net:7245/s","https://uonk.terry-specials.net:4963/s","https://zang.sodium-speech.net:4123/s","https://hmcc.annual-friday.net:6845/s","https://ckjm.scanning-native.org:3277/s"]}